,epoch,loss
0,0,0.1024937353863874
1,1,0.0953021923025303
2,2,0.09142302417689387
3,3,0.08888863224317045
4,4,0.08742365734103848
