,epoch,loss
0,0,11.05372895207256
1,1,7.072530889883637
